date,symbol,open,high,low,close,volume,amount
2024-01-01,ETF_A,79.7502,80.3895,79.2717,79.9100,100000,7991000.0000
2024-01-01,ETF_B,82.2781,82.9045,81.7845,82.4100,105000,8653050.0000
2024-01-01,ETF_C,84.8081,85.4195,84.2993,84.9100,110000,9340100.0000
2024-01-01,ETF_D,87.3401,87.9345,86.8160,87.4100,115000,10052150.0000
2024-01-02,ETF_A,79.9448,80.5856,79.4651,80.1050,100113,8019551.8650
2024-01-02,ETF_B,82.5327,83.1610,82.0375,82.6650,105113,8689166.1450
2024-01-02,ETF_C,84.9629,85.5754,84.4531,85.0650,110113,9366762.3450
2024-01-02,ETF_D,87.6548,88.2513,87.1289,87.7250,115113,10098287.9250
2024-01-03,ETF_A,80.1394,80.7818,79.6586,80.3000,100226,8048147.8000
2024-01-03,ETF_B,82.7873,83.4175,82.2906,82.9200,105226,8725339.9200
2024-01-03,ETF_C,85.1177,85.7313,84.6070,85.2200,110226,9393459.7200
2024-01-03,ETF_D,87.9696,88.5682,87.4418,88.0400,115226,10144497.0400
2024-01-04,ETF_A,80.3340,80.9780,79.8520,80.4950,100339,8076787.8050
2024-01-04,ETF_B,83.0419,83.6740,82.5437,83.1750,105339,8761571.3250
2024-01-04,ETF_C,85.2725,85.8872,84.7609,85.3750,110339,9420192.1250
2024-01-04,ETF_D,88.2843,88.8851,87.7546,88.3550,115339,10190777.3450
2024-01-05,ETF_A,80.5286,81.1741,80.0454,80.6900,100452,8105471.8800
2024-01-05,ETF_B,83.2965,83.9306,82.7967,83.4300,105452,8797860.3600
2024-01-05,ETF_C,85.4274,86.0432,84.9148,85.5300,110452,9446959.5600
2024-01-05,ETF_D,88.5991,89.2020,88.0675,88.6700,115452,10237128.8400
2024-01-08,ETF_A,80.7232,81.3703,80.2389,80.8850,100565,8134200.0250
2024-01-08,ETF_B,83.5511,84.1871,83.0498,83.6850,105565,8834207.0250
2024-01-08,ETF_C,85.5822,86.1991,85.0687,85.6850,110565,9473762.0250
2024-01-08,ETF_D,88.9138,89.5189,88.3803,88.9850,115565,10283551.5250
2024-01-09,ETF_A,80.9178,81.5665,80.4323,81.0800,100678,8162972.2400
2024-01-09,ETF_B,83.8057,84.4436,83.3029,83.9400,105678,8870611.3200
2024-01-09,ETF_C,85.7370,86.3550,85.2226,85.8400,110678,9500599.5200
2024-01-09,ETF_D,89.2286,89.8358,88.6932,89.3000,115678,10330045.4000
2024-01-10,ETF_A,81.1125,81.7627,80.6258,81.2750,100791,8191788.5250
2024-01-10,ETF_B,84.0603,84.7002,83.5559,84.1950,105791,8907073.2450
2024-01-10,ETF_C,85.8918,86.5110,85.3765,85.9950,110791,9527472.0450
2024-01-10,ETF_D,89.5433,90.1527,89.0060,89.6150,115791,10376610.4650
2024-01-11,ETF_A,81.3071,81.9588,80.8192,81.4700,100904,8220648.8800
2024-01-11,ETF_B,84.3149,84.9567,83.8090,84.4500,105904,8943592.8000
2024-01-11,ETF_C,86.0466,86.6669,85.5303,86.1500,110904,9554379.6000
2024-01-11,ETF_D,89.8581,90.4696,89.3189,89.9300,115904,10423246.7200
2024-01-12,ETF_A,81.5017,82.1550,81.0127,81.6650,101017,8249553.3050
2024-01-12,ETF_B,84.5695,85.2132,84.0621,84.7050,106017,8980169.9850
2024-01-12,ETF_C,86.2014,86.8228,85.6842,86.3050,111017,9581322.1850
2024-01-12,ETF_D,90.1728,90.7865,89.6318,90.2450,116017,10469954.1650
2024-01-15,ETF_A,81.6963,82.3512,81.2061,81.8600,101130,8278501.8000
2024-01-15,ETF_B,84.8241,85.4698,84.3151,84.9600,106130,9016804.8000
2024-01-15,ETF_C,86.3562,86.9788,85.8381,86.4600,111130,9608299.8000
2024-01-15,ETF_D,90.4876,91.1034,89.9446,90.5600,116130,10516732.8000
2024-01-16,ETF_A,81.8909,82.5473,81.3995,82.0550,101243,8307494.3650
2024-01-16,ETF_B,85.0787,85.7263,84.5682,85.2150,106243,9053497.2450
2024-01-16,ETF_C,86.5111,87.1347,85.9920,86.6150,111243,9635312.4450
2024-01-16,ETF_D,90.8023,91.4202,90.2575,90.8750,116243,10563582.6250
2024-01-17,ETF_A,82.0855,82.7435,81.5930,82.2500,101356,8336531.0000
2024-01-17,ETF_B,85.3332,85.9828,84.8212,85.4700,106356,9090247.3200
2024-01-17,ETF_C,86.6659,87.2906,86.1459,86.7700,111356,9662360.1200
2024-01-17,ETF_D,91.1170,91.7371,90.5703,91.1900,116356,10610503.6400
2024-01-18,ETF_A,82.0855,82.7435,81.5930,82.2500,101469,8345825.2500
2024-01-18,ETF_B,85.3932,86.0432,84.8808,85.5300,106469,9106293.5700
2024-01-18,ETF_C,86.6259,87.2504,86.1062,86.7300,111469,9667706.3700
2024-01-18,ETF_D,91.2370,91.8579,90.6895,91.3100,116469,10634784.3900
2024-01-19,ETF_A,82.2801,82.9397,81.7864,82.4450,101582,8374927.9900
2024-01-19,ETF_B,85.6477,86.2997,85.1339,85.7850,106582,9143136.8700
2024-01-19,ETF_C,86.7807,87.4063,86.2601,86.8850,111582,9694802.0700
2024-01-19,ETF_D,91.5517,92.1748,91.0024,91.6250,116582,10681825.7500
2024-01-22,ETF_A,82.4747,83.1358,81.9799,82.6400,101695,8404074.8000
2024-01-22,ETF_B,85.9023,86.5562,85.3869,86.0400,106695,9180037.8000
2024-01-22,ETF_C,86.9356,87.5622,86.4139,87.0400,111695,9721932.8000
2024-01-22,ETF_D,91.8664,92.4916,91.3152,91.9400,116695,10728938.3000
2024-01-23,ETF_A,82.6693,83.3320,82.1733,82.8350,101808,8433265.6800
2024-01-23,ETF_B,86.1569,86.8128,85.6400,86.2950,106808,9216996.3600
2024-01-23,ETF_C,87.0904,87.7182,86.5678,87.1950,111808,9749098.5600
2024-01-23,ETF_D,92.1812,92.8085,91.6281,92.2550,116808,10776122.0400
2024-01-24,ETF_A,82.8639,83.5282,82.3668,83.0300,101921,8462500.6300
2024-01-24,ETF_B,86.4115,87.0693,85.8931,86.5500,106921,9254012.5500
2024-01-24,ETF_C,87.2452,87.8741,86.7217,87.3500,111921,9776299.3500
2024-01-24,ETF_D,92.4959,93.1254,91.9410,92.5700,116921,10823376.9700
2024-01-25,ETF_A,83.0585,83.7244,82.5602,83.2250,102034,8491779.6500
2024-01-25,ETF_B,86.6661,87.3258,86.1461,86.8050,107034,9291086.3700
2024-01-25,ETF_C,87.4000,88.0300,86.8756,87.5050,112034,9803535.1700
2024-01-25,ETF_D,92.8107,93.4423,92.2538,92.8850,117034,10870703.0900
2024-01-26,ETF_A,83.2532,83.9205,82.7536,83.4200,102147,8521102.7400
2024-01-26,ETF_B,86.9207,87.5824,86.3992,87.0600,107147,9328217.8200
2024-01-26,ETF_C,87.5548,88.1860,87.0295,87.6600,112147,9830806.0200
2024-01-26,ETF_D,93.1254,93.7592,92.5667,93.2000,117147,10918100.4000
2024-01-29,ETF_A,83.4478,84.1167,82.9471,83.6150,102260,8550469.9000
2024-01-29,ETF_B,87.1753,87.8389,86.6522,87.3150,107260,9365406.9000
2024-01-29,ETF_C,87.7096,88.3419,87.1834,87.8150,112260,9858111.9000
2024-01-29,ETF_D,93.4402,94.0761,92.8795,93.5150,117260,10965568.9000
2024-01-30,ETF_A,83.6424,84.3129,83.1405,83.8100,102373,8579881.1300
2024-01-30,ETF_B,87.4299,88.0954,86.9053,87.5700,107373,9402653.6100
2024-01-30,ETF_C,87.8644,88.4978,87.3372,87.9700,112373,9885452.8100
2024-01-30,ETF_D,93.7549,94.3930,93.1924,93.8300,117373,11013108.5900
2024-01-31,ETF_A,83.8370,84.5090,83.3340,84.0050,102486,8609336.4300
2024-01-31,ETF_B,87.6845,88.3520,87.1584,87.8250,107486,9439957.9500
2024-01-31,ETF_C,88.0192,88.6538,87.4911,88.1250,112486,9912828.7500
2024-01-31,ETF_D,94.0697,94.7099,93.5053,94.1450,117486,11060719.4700
2024-02-01,ETF_A,84.0316,84.7052,83.5274,84.2000,102599,8638835.8000
2024-02-01,ETF_B,87.9391,88.6085,87.4114,88.0800,107599,9477319.9200
2024-02-01,ETF_C,88.1741,88.8097,87.6450,88.2800,112599,9940239.7200
2024-02-01,ETF_D,94.3844,95.0268,93.8181,94.4600,117599,11108401.5400
2024-02-02,ETF_A,84.2262,84.9014,83.7209,84.3950,102712,8668379.2400
2024-02-02,ETF_B,88.1937,88.8650,87.6645,88.3350,107712,9514739.5200
2024-02-02,ETF_C,88.3289,88.9656,87.7989,88.4350,112712,9967685.7200
2024-02-02,ETF_D,94.6992,95.3437,94.1310,94.7750,117712,11156154.8000
2024-02-05,ETF_A,84.4208,85.0975,83.9143,84.5900,102825,8697966.7500
2024-02-05,ETF_B,88.4483,89.1215,87.9176,88.5900,107825,9552216.7500
2024-02-05,ETF_C,88.4837,89.1215,87.9528,88.5900,112825,9995166.7500
2024-02-05,ETF_D,95.0139,95.6605,94.4438,95.0900,117825,11203979.2500
2024-02-06,ETF_A,84.4208,85.0975,83.9143,84.5900,102938,8707525.4200
2024-02-06,ETF_B,88.5082,89.1819,87.9771,88.6500,107938,9568703.7000
2024-02-06,ETF_C,88.4437,89.0813,87.9131,88.5500,112938,10000659.9000
2024-02-06,ETF_D,95.1338,95.7813,94.5630,95.2100,117938,11228876.9800
2024-02-07,ETF_A,84.6154,85.2937,84.1077,84.7850,103051,8737179.0350
2024-02-07,ETF_B,88.7628,89.4384,88.2302,88.9050,108051,9606274.1550
2024-02-07,ETF_C,88.5986,89.2372,88.0670,88.7050,113051,10028188.9550
2024-02-07,ETF_D,95.4486,96.0981,94.8759,95.5250,118051,11276821.7750
2024-02-08,ETF_A,84.8100,85.4899,84.3012,84.9800,103164,8766876.7200
2024-02-08,ETF_B,89.0173,89.6950,88.4832,89.1600,108164,9643902.2400
2024-02-08,ETF_C,88.7534,89.3932,88.2208,88.8600,113164,10055753.0400
2024-02-08,ETF_D,95.7633,96.4150,95.1887,95.8400,118164,11324837.7600
2024-02-09,ETF_A,85.0046,85.6860,84.4946,85.1750,103277,8796618.4750
2024-02-09,ETF_B,89.2719,89.9515,88.7363,89.4150,108277,9681587.9550
2024-02-09,ETF_C,88.9082,89.5491,88.3747,89.0150,113277,10083352.1550
2024-02-09,ETF_D,96.0781,96.7319,95.5016,96.1550,118277,11372924.9350
2024-02-12,ETF_A,85.1993,85.8822,84.6881,85.3700,103390,8826404.3000
2024-02-12,ETF_B,89.5265,90.2080,88.9894,89.6700,108390,9719331.3000
2024-02-12,ETF_C,89.0630,89.7050,88.5286,89.1700,113390,10110986.3000
2024-02-12,ETF_D,96.3928,97.0488,95.8145,96.4700,118390,11421083.3000
2024-02-13,ETF_A,85.3939,86.0784,84.8815,85.5650,103503,8856234.1950
2024-02-13,ETF_B,89.7811,90.4646,89.2424,89.9250,108503,9757132.2750
2024-02-13,ETF_C,89.2178,89.8610,88.6825,89.3250,113503,10138655.4750
2024-02-13,ETF_D,96.7076,97.3657,96.1273,96.7850,118503,11469312.8550
2024-02-14,ETF_A,85.5885,86.2746,85.0749,85.7600,103616,8886108.1600
2024-02-14,ETF_B,90.0357,90.7211,89.4955,90.1800,108616,9794990.8800
2024-02-14,ETF_C,89.3726,90.0169,88.8364,89.4800,113616,10166359.6800
2024-02-14,ETF_D,97.0223,97.6826,96.4402,97.1000,118616,11517613.6000
2024-02-15,ETF_A,85.7831,86.4707,85.2684,85.9550,103729,8916026.1950
2024-02-15,ETF_B,90.2903,90.9776,89.7486,90.4350,108729,9832907.1150
2024-02-15,ETF_C,89.5274,90.1728,88.9903,89.6350,113729,10194098.9150
2024-02-15,ETF_D,97.3371,97.9995,96.7530,97.4150,118729,11565985.5350
2024-02-16,ETF_A,85.9777,86.6669,85.4618,86.1500,103842,8945988.3000
2024-02-16,ETF_B,90.5449,91.2341,90.0016,90.6900,108842,9870880.9800
2024-02-16,ETF_C,89.6823,90.3287,89.1442,89.7900,113842,10221873.1800
2024-02-16,ETF_D,97.6518,98.3164,97.0659,97.7300,118842,11614428.6600
2024-02-19,ETF_A,86.1723,86.8631,85.6553,86.3450,103955,8975994.4750
2024-02-19,ETF_B,90.7995,91.4907,90.2547,90.9450,108955,9908912.4750
2024-02-19,ETF_C,89.8371,90.4847,89.2980,89.9450,113955,10249682.4750
2024-02-19,ETF_D,97.9666,98.6333,97.3788,98.0450,118955,11662942.9750
2024-02-20,ETF_A,86.3669,87.0592,85.8487,86.5400,104068,9006044.7200
2024-02-20,ETF_B,91.0541,91.7472,90.5078,91.2000,109068,9947001.6000
2024-02-20,ETF_C,89.9919,90.6406,89.4519,90.1000,114068,10277526.8000
2024-02-20,ETF_D,98.2813,98.9502,97.6916,98.3600,119068,11711528.4800
2024-02-21,ETF_A,86.5615,87.2554,86.0422,86.7350,104181,9036139.0350
2024-02-21,ETF_B,91.3087,92.0037,90.7608,91.4550,109181,9985148.3550
2024-02-21,ETF_C,90.1467,90.7965,89.6058,90.2550,114181,10305406.1550
2024-02-21,ETF_D,98.5961,99.2670,98.0045,98.6750,119181,11760185.1750
2024-02-22,ETF_A,86.7561,87.4516,86.2356,86.9300,104294,9066277.4200
2024-02-22,ETF_B,91.5633,92.2603,91.0139,91.7100,109294,10023352.7400
2024-02-22,ETF_C,90.3015,90.9525,89.7597,90.4100,114294,10333320.5400
2024-02-22,ETF_D,98.9108,99.5839,98.3173,98.9900,119294,11808913.0600
2024-02-23,ETF_A,86.7561,87.4516,86.2356,86.9300,104407,9076100.5100
2024-02-23,ETF_B,91.6232,92.3206,91.0734,91.7700,109407,10040280.3900
2024-02-23,ETF_C,90.2616,90.9122,89.7200,90.3700,114407,10338960.5900
2024-02-23,ETF_D,99.0307,99.7047,98.4365,99.1100,119407,11834427.7700
2024-02-26,ETF_A,86.9507,87.6478,86.4290,87.1250,104520,9106305.0000
2024-02-26,ETF_B,91.8778,92.5771,91.3265,92.0250,109520,10078578.0000
2024-02-26,ETF_C,90.4164,91.0681,89.8739,90.5250,114520,10366923.0000
2024-02-26,ETF_D,99.3455,100.0215,98.7494,99.4250,119520,11883276.0000
2024-02-27,ETF_A,87.1454,87.8439,86.6225,87.3200,104633,9136553.5600
2024-02-27,ETF_B,92.1324,92.8337,91.5796,92.2800,109633,10116933.2400
2024-02-27,ETF_C,90.5712,91.2241,90.0278,90.6800,114633,10394920.4400
2024-02-27,ETF_D,99.6602,100.3384,99.0622,99.7400,119633,11932195.4200
2024-02-28,ETF_A,87.3400,88.0401,86.8159,87.5150,104746,9166846.1900
2024-02-28,ETF_B,92.3869,93.0902,91.8326,92.5350,109746,10155346.1100
2024-02-28,ETF_C,90.7260,91.3800,90.1816,90.8350,114746,10422952.9100
2024-02-28,ETF_D,99.9750,100.6553,99.3751,100.0550,119746,11981186.0300
2024-02-29,ETF_A,87.5346,88.2363,87.0094,87.7100,104859,9197182.8900
2024-02-29,ETF_B,92.6415,93.3467,92.0857,92.7900,109859,10193816.6100
2024-02-29,ETF_C,90.8808,91.5359,90.3355,90.9900,114859,10451020.4100
2024-02-29,ETF_D,100.2897,100.9722,99.6880,100.3700,119859,12030247.8300
2024-03-01,ETF_A,87.7292,88.4324,87.2028,87.9050,104972,9227563.6600
2024-03-01,ETF_B,92.8961,93.6033,92.3388,93.0450,109972,10232344.7400
2024-03-01,ETF_C,91.0356,91.6919,90.4894,91.1450,114972,10479122.9400
2024-03-01,ETF_D,100.6045,101.2891,100.0008,100.6850,119972,12079380.8200
2024-03-04,ETF_A,87.9238,88.6286,87.3963,88.1000,105085,9257988.5000
2024-03-04,ETF_B,93.1507,93.8598,92.5918,93.3000,110085,10270930.5000
2024-03-04,ETF_C,91.1904,91.8478,90.6433,91.3000,115085,10507260.5000
2024-03-04,ETF_D,100.9192,101.6060,100.3137,101.0000,120085,12128585.0000
2024-03-05,ETF_A,88.1184,88.8248,87.5897,88.2950,105198,9288457.4100
2024-03-05,ETF_B,93.4053,94.1163,92.8449,93.5550,110198,10309573.8900
2024-03-05,ETF_C,91.3453,92.0037,90.7972,91.4550,115198,10535433.0900
2024-03-05,ETF_D,101.2339,101.9229,100.6265,101.3150,120198,12177860.3700
2024-03-06,ETF_A,88.3130,89.0209,87.7831,88.4900,105311,9318970.3900
2024-03-06,ETF_B,93.6599,94.3729,93.0979,93.8100,110311,10348274.9100
2024-03-06,ETF_C,91.5001,92.1597,90.9511,91.6100,115311,10563640.7100
2024-03-06,ETF_D,101.5487,102.2398,100.9394,101.6300,120311,12227206.9300
2024-03-07,ETF_A,88.5076,89.2171,87.9766,88.6850,105424,9349527.4400
2024-03-07,ETF_B,93.9145,94.6294,93.3510,94.0650,110424,10387033.5600
2024-03-07,ETF_C,91.6549,92.3156,91.1050,91.7650,115424,10591883.3600
2024-03-07,ETF_D,101.8634,102.5567,101.2523,101.9450,120424,12276624.6800
2024-03-08,ETF_A,88.7022,89.4133,88.1700,88.8800,105537,9380128.5600
2024-03-08,ETF_B,94.1691,94.8859,93.6041,94.3200,110537,10425849.8400
2024-03-08,ETF_C,91.8097,92.4715,91.2588,91.9200,115537,10620161.0400
2024-03-08,ETF_D,102.1782,102.8736,101.5651,102.2600,120537,12326113.6200
2024-03-11,ETF_A,88.8969,89.6095,88.3635,89.0750,105650,9410773.7500
2024-03-11,ETF_B,94.4237,95.1424,93.8571,94.5750,110650,10464723.7500
2024-03-11,ETF_C,91.9645,92.6275,91.4127,92.0750,115650,10648473.7500
2024-03-11,ETF_D,102.4929,103.1904,101.8780,102.5750,120650,12375673.7500
2024-03-12,ETF_A,89.0915,89.8056,88.5569,89.2700,105763,9441463.0100
2024-03-12,ETF_B,94.6783,95.3990,94.1102,94.8300,110763,10503655.2900
2024-03-12,ETF_C,92.1193,92.7834,91.5666,92.2300,115763,10676821.4900
2024-03-12,ETF_D,102.8077,103.5073,102.1908,102.8900,120763,12425305.0700
2024-03-13,ETF_A,89.0915,89.8056,88.5569,89.2700,105876,9451550.5200
2024-03-13,ETF_B,94.7382,95.4593,94.1697,94.8900,110876,10521023.6400
2024-03-13,ETF_C,92.0794,92.7431,91.5269,92.1900,115876,10682608.4400
2024-03-13,ETF_D,102.9276,103.6281,102.3100,103.0100,120876,12451436.7600
2024-03-14,ETF_A,89.2861,90.0018,88.7504,89.4650,105989,9482305.8850
2024-03-14,ETF_B,94.9928,95.7159,94.4228,95.1450,110989,10560048.4050
2024-03-14,ETF_C,92.2342,92.8991,91.6808,92.3450,115989,10711004.2050
2024-03-14,ETF_D,103.2423,103.9450,102.6229,103.3250,120989,12501188.4250
2024-03-15,ETF_A,89.4807,90.1980,88.9438,89.6600,106102,9513105.3200
2024-03-15,ETF_B,95.2474,95.9724,94.6759,95.4000,111102,10599130.8000
2024-03-15,ETF_C,92.3890,93.0550,91.8347,92.5000,116102,10739435.0000
2024-03-15,ETF_D,103.5571,104.2618,102.9357,103.6400,121102,12551011.2800
2024-03-18,ETF_A,89.6753,90.3941,89.1372,89.8550,106215,9543948.8250
2024-03-18,ETF_B,95.5020,96.2289,94.9289,95.6550,111215,10638270.8250
2024-03-18,ETF_C,92.5438,93.2109,91.9886,92.6550,116215,10767900.8250
2024-03-18,ETF_D,103.8718,104.5787,103.2486,103.9550,121215,12600905.3250
2024-03-19,ETF_A,89.8699,90.5903,89.3307,90.0500,106328,9574836.4000
2024-03-19,ETF_B,95.7565,96.4855,95.1820,95.9100,111328,10677468.4800
2024-03-19,ETF_C,92.6986,93.3669,92.1424,92.8100,116328,10796401.6800
2024-03-19,ETF_D,104.1866,104.8956,103.5615,104.2700,121328,12650870.5600
2024-03-20,ETF_A,90.0645,90.7865,89.5241,90.2450,106441,9605768.0450
2024-03-20,ETF_B,96.0111,96.7420,95.4351,96.1650,111441,10716723.7650
2024-03-20,ETF_C,92.8534,93.5228,92.2963,92.9650,116441,10824937.5650
2024-03-20,ETF_D,104.5013,105.2125,103.8743,104.5850,121441,12700906.9850
2024-03-21,ETF_A,90.2591,90.9826,89.7176,90.4400,106554,9636743.7600
2024-03-21,ETF_B,96.2657,96.9985,95.6881,96.4200,111554,10756036.6800
2024-03-21,ETF_C,93.0083,93.6787,92.4502,93.1200,116554,10853508.4800
2024-03-21,ETF_D,104.8161,105.5294,104.1872,104.9000,121554,12751014.6000
2024-03-22,ETF_A,90.4537,91.1788,89.9110,90.6350,106667,9667763.5450
2024-03-22,ETF_B,96.5203,97.2550,95.9412,96.6750,111667,10795407.2250
2024-03-22,ETF_C,93.1631,93.8347,92.6041,93.2750,116667,10882114.4250
2024-03-22,ETF_D,105.1308,105.8463,104.5000,105.2150,121667,12801193.4050
2024-03-25,ETF_A,90.6483,91.3750,90.1044,90.8300,106780,9698827.4000
2024-03-25,ETF_B,96.7749,97.5116,96.1943,96.9300,111780,10834835.4000
2024-03-25,ETF_C,93.3179,93.9906,92.7580,93.4300,116780,10910755.4000
2024-03-25,ETF_D,105.4456,106.1632,104.8129,105.5300,121780,12851443.4000
2024-03-26,ETF_A,90.8430,91.5712,90.2979,91.0250,106893,9729935.3250
2024-03-26,ETF_B,97.0295,97.7681,96.4473,97.1850,111893,10874321.2050
2024-03-26,ETF_C,93.4727,94.1465,92.9119,93.5850,116893,10939431.4050
2024-03-26,ETF_D,105.7603,106.4801,105.1258,105.8450,121893,12901764.5850
2024-03-27,ETF_A,91.0376,91.7673,90.4913,91.2200,107006,9761087.3200
2024-03-27,ETF_B,97.2841,98.0246,96.7004,97.4400,112006,10913864.6400
2024-03-27,ETF_C,93.6275,94.3024,93.0657,93.7400,117006,10968142.4400
2024-03-27,ETF_D,106.0751,106.7970,105.4386,106.1600,122006,12952156.9600
2024-03-28,ETF_A,91.2322,91.9635,90.6848,91.4150,107119,9792283.3850
2024-03-28,ETF_B,97.5387,98.2812,96.9535,97.6950,112119,10953465.7050
2024-03-28,ETF_C,93.7823,94.4584,93.2196,93.8950,117119,10996888.5050
2024-03-28,ETF_D,106.3898,107.1139,105.7515,106.4750,122119,13002620.5250
2024-03-29,ETF_A,91.4268,92.1597,90.8782,91.6100,107232,9823523.5200
2024-03-29,ETF_B,97.7933,98.5377,97.2065,97.9500,112232,10993124.4000
2024-03-29,ETF_C,93.9371,94.6143,93.3735,94.0500,117232,11025669.6000
2024-03-29,ETF_D,106.7046,107.4307,106.0643,106.7900,122232,13053155.2800
2024-04-01,ETF_A,91.4268,92.1597,90.8782,91.6100,107345,9833875.4500
2024-04-01,ETF_B,97.8532,98.5981,97.2661,98.0100,112345,11010933.4500
2024-04-01,ETF_C,93.8972,94.5741,93.3338,94.0100,117345,11031603.4500
2024-04-01,ETF_D,106.8245,107.5515,106.1835,106.9100,122345,13079903.9500
2024-04-02,ETF_A,91.6214,92.3558,91.0717,91.8050,107458,9865181.6900
2024-04-02,ETF_B,98.1078,98.8546,97.5191,98.2650,112458,11050685.3700
2024-04-02,ETF_C,94.0520,94.7300,93.4877,94.1650,117458,11060432.5700
2024-04-02,ETF_D,107.1392,107.8683,106.4964,107.2250,122458,13130559.0500
2024-04-03,ETF_A,91.8160,92.5520,91.2651,92.0000,107571,9896532.0000
2024-04-03,ETF_B,98.3624,99.1111,97.7722,98.5200,112571,11090494.9200
2024-04-03,ETF_C,94.2068,94.8859,93.6416,94.3200,117571,11089296.7200
2024-04-03,ETF_D,107.4540,108.1852,106.8092,107.5400,122571,13181285.3400
2024-04-04,ETF_A,92.0106,92.7482,91.4585,92.1950,107684,9927926.3800
2024-04-04,ETF_B,98.6170,99.3676,98.0253,98.7750,112684,11130362.1000
2024-04-04,ETF_C,94.3616,95.0418,93.7955,94.4750,117684,11118195.9000
2024-04-04,ETF_D,107.7687,108.5021,107.1221,107.8550,122684,13232082.8200
2024-04-05,ETF_A,92.2052,92.9443,91.6520,92.3900,107797,9959364.8300
2024-04-05,ETF_B,98.8716,99.6242,98.2783,99.0300,112797,11170286.9100
2024-04-05,ETF_C,94.5164,95.1978,93.9493,94.6300,117797,11147130.1100
2024-04-05,ETF_D,108.0835,108.8190,107.4350,108.1700,122797,13282951.4900
2024-04-08,ETF_A,92.3998,93.1405,91.8454,92.5850,107910,9990847.3500
2024-04-08,ETF_B,99.1261,99.8807,98.5314,99.2850,112910,11210269.3500
2024-04-08,ETF_C,94.6713,95.3537,94.1032,94.7850,117910,11176099.3500
2024-04-08,ETF_D,108.3982,109.1359,107.7478,108.4850,122910,13333891.3500
2024-04-09,ETF_A,92.5944,93.3367,92.0389,92.7800,108023,10022373.9400
2024-04-09,ETF_B,99.3807,100.1372,98.7845,99.5400,113023,11250309.4200
2024-04-09,ETF_C,94.8261,95.5096,94.2571,94.9400,118023,11205103.6200
2024-04-09,ETF_D,108.7130,109.4528,108.0607,108.8000,123023,13384902.4000
2024-04-10,ETF_A,92.7890,93.5328,92.2323,92.9750,108136,10053944.6000
2024-04-10,ETF_B,99.6353,100.3938,99.0375,99.7950,113136,11290407.1200
2024-04-10,ETF_C,94.9809,95.6656,94.4110,95.0950,118136,11234142.9200
2024-04-10,ETF_D,109.0277,109.7697,108.3735,109.1150,123136,13435984.6400
2024-04-11,ETF_A,92.9837,93.7290,92.4258,93.1700,108249,10085559.3300
2024-04-11,ETF_B,99.8899,100.6503,99.2906,100.0500,113249,11330562.4500
2024-04-11,ETF_C,95.1357,95.8215,94.5649,95.2500,118249,11263217.2500
2024-04-11,ETF_D,109.3425,110.0866,108.6864,109.4300,123249,13487138.0700
2024-04-12,ETF_A,93.1783,93.9252,92.6192,93.3650,108362,10117218.1300
2024-04-12,ETF_B,100.1445,100.9068,99.5436,100.3050,113362,11370775.4100
2024-04-12,ETF_C,95.2905,95.9774,94.7188,95.4050,118362,11292326.6100
2024-04-12,ETF_D,109.6572,110.4035,108.9993,109.7450,123362,13538362.6900
2024-04-15,ETF_A,93.3729,94.1214,92.8126,93.5600,108475,10148921.0000
2024-04-15,ETF_B,100.3991,101.1634,99.7967,100.5600,113475,11411046.0000
2024-04-15,ETF_C,95.4453,96.1334,94.8727,95.5600,118475,11321471.0000
2024-04-15,ETF_D,109.9720,110.7204,109.3121,110.0600,123475,13589658.5000
2024-04-16,ETF_A,93.5675,94.3175,93.0061,93.7550,108588,10180667.9400
2024-04-16,ETF_B,100.6537,101.4199,100.0498,100.8150,113588,11451374.2200
2024-04-16,ETF_C,95.6001,96.2893,95.0265,95.7150,118588,11350650.4200
2024-04-16,ETF_D,110.2867,111.0373,109.6250,110.3750,123588,13641025.5000
2024-04-17,ETF_A,93.7621,94.5137,93.1995,93.9500,108701,10212458.9500
2024-04-17,ETF_B,100.9083,101.6764,100.3028,101.0700,113701,11491760.0700
2024-04-17,ETF_C,95.7550,96.4452,95.1804,95.8700,118701,11379864.8700
2024-04-17,ETF_D,110.6014,111.3541,109.9378,110.6900,123701,13692463.6900
2024-04-18,ETF_A,93.7621,94.5137,93.1995,93.9500,108814,10223075.3000
2024-04-18,ETF_B,100.9682,101.7368,100.3624,101.1300,113814,11510009.8200
2024-04-18,ETF_C,95.7150,96.4050,95.1407,95.8300,118814,11385945.6200
2024-04-18,ETF_D,110.7214,111.4749,110.0570,110.8100,123814,13719829.3400
2024-04-19,ETF_A,93.9567,94.7099,93.3930,94.1450,108927,10254932.4150
2024-04-19,ETF_B,101.2228,101.9933,100.6154,101.3850,113927,11550488.8950
2024-04-19,ETF_C,95.8698,96.5609,95.2946,95.9850,118927,11415208.0950
2024-04-19,ETF_D,111.0361,111.7918,110.3699,111.1250,123927,13771387.8750
2024-04-22,ETF_A,94.1513,94.9060,93.5864,94.3400,109040,10286833.6000
2024-04-22,ETF_B,101.4774,102.2498,100.8685,101.6400,114040,11591025.6000
2024-04-22,ETF_C,96.0246,96.7168,95.4485,96.1400,119040,11444505.6000
2024-04-22,ETF_D,111.3508,112.1086,110.6827,111.4400,124040,13823017.6000
2024-04-23,ETF_A,94.3459,95.1022,93.7799,94.5350,109153,10318778.8550
2024-04-23,ETF_B,101.7320,102.5064,101.1216,101.8950,114153,11631619.9350
2024-04-23,ETF_C,96.1794,96.8728,95.6024,96.2950,119153,11473838.1350
2024-04-23,ETF_D,111.6656,112.4255,110.9956,111.7550,124153,13874718.5150
2024-04-24,ETF_A,94.5405,95.2984,93.9733,94.7300,109266,10350768.1800
2024-04-24,ETF_B,101.9866,102.7629,101.3746,102.1500,114266,11672271.9000
2024-04-24,ETF_C,96.3343,97.0287,95.7563,96.4500,119266,11503205.7000
2024-04-24,ETF_D,111.9803,112.7424,111.3085,112.0700,124266,13926490.6200
2024-04-25,ETF_A,94.7351,95.4946,94.1667,94.9250,109379,10382801.5750
2024-04-25,ETF_B,102.2412,103.0194,101.6277,102.4050,114379,11712981.4950
2024-04-25,ETF_C,96.4891,97.1846,95.9101,96.6050,119379,11532608.2950
2024-04-25,ETF_D,112.2951,113.0593,111.6213,112.3850,124379,13978333.9150
2024-04-26,ETF_A,94.9298,95.6907,94.3602,95.1200,109492,10414879.0400
2024-04-26,ETF_B,102.4957,103.2760,101.8808,102.6600,114492,11753748.7200
2024-04-26,ETF_C,96.6439,97.3406,96.0640,96.7600,119492,11562045.9200
2024-04-26,ETF_D,112.6098,113.3762,111.9342,112.7000,124492,14030248.4000
2024-04-29,ETF_A,95.1244,95.8869,94.5536,95.3150,109605,10447000.5750
2024-04-29,ETF_B,102.7503,103.5325,102.1338,102.9150,114605,11794573.5750
2024-04-29,ETF_C,96.7987,97.4965,96.2179,96.9150,119605,11591518.5750
2024-04-29,ETF_D,112.9246,113.6931,112.2470,113.0150,124605,14082234.0750
2024-04-30,ETF_A,95.3190,96.0831,94.7471,95.5100,109718,10479166.1800
2024-04-30,ETF_B,103.0049,103.7890,102.3869,103.1700,114718,11835456.0600
2024-04-30,ETF_C,96.9535,97.6524,96.3718,97.0700,119718,11621026.2600
2024-04-30,ETF_D,113.2393,114.0100,112.5599,113.3300,124718,14134290.9400
2024-05-01,ETF_A,95.5136,96.2792,94.9405,95.7050,109831,10511375.8550
2024-05-01,ETF_B,103.2595,104.0455,102.6400,103.4250,114831,11876396.1750
2024-05-01,ETF_C,97.1083,97.8084,96.5257,97.2250,119831,11650568.9750
2024-05-01,ETF_D,113.5541,114.3269,112.8728,113.6450,124831,14186418.9950
2024-05-02,ETF_A,95.7082,96.4754,95.1340,95.9000,109944,10543629.6000
2024-05-02,ETF_B,103.5141,104.3021,102.8930,103.6800,114944,11917393.9200
2024-05-02,ETF_C,97.2631,97.9643,96.6796,97.3800,119944,11680146.7200
2024-05-02,ETF_D,113.8688,114.6438,113.1856,113.9600,124944,14238618.2400
2024-05-03,ETF_A,95.9028,96.6716,95.3274,96.0950,110057,10575927.4150
2024-05-03,ETF_B,103.7687,104.5586,103.1461,103.9350,115057,11958449.2950
2024-05-03,ETF_C,97.4180,98.1202,96.8335,97.5350,120057,11709759.4950
2024-05-03,ETF_D,114.1836,114.9607,113.4985,114.2750,125057,14290888.6750
2024-05-06,ETF_A,96.0974,96.8677,95.5208,96.2900,110170,10608269.3000
2024-05-06,ETF_B,104.0233,104.8151,103.3992,104.1900,115170,11999562.3000
2024-05-06,ETF_C,97.5728,98.2761,96.9873,97.6900,120170,11739407.3000
2024-05-06,ETF_D,114.4983,115.2775,113.8113,114.5900,125170,14343230.3000
2024-05-07,ETF_A,96.0974,96.8677,95.5208,96.2900,110283,10619150.0700
2024-05-07,ETF_B,104.0832,104.8755,103.4587,104.2500,115283,12018252.7500
2024-05-07,ETF_C,97.5328,98.2359,96.9476,97.6500,120283,11745634.9500
2024-05-07,ETF_D,114.6182,115.3983,113.9305,114.7100,125283,14371212.9300
2024-05-08,ETF_A,96.2920,97.0639,95.7143,96.4850,110396,10651558.0600
2024-05-08,ETF_B,104.3378,105.1320,103.7118,104.5050,115396,12059458.9800
2024-05-08,ETF_C,97.6876,98.3918,97.1015,97.8050,120396,11775330.7800
2024-05-08,ETF_D,114.9330,115.7151,114.2434,115.0250,125396,14423674.9000
2024-05-09,ETF_A,96.4866,97.2601,95.9077,96.6800,110509,10684010.1200
2024-05-09,ETF_B,104.5924,105.3886,103.9648,104.7600,115509,12100722.8400
2024-05-09,ETF_C,97.8424,98.5478,97.2554,97.9600,120509,11805061.6400
2024-05-09,ETF_D,115.2477,116.0320,114.5562,115.3400,125509,14476208.0600
2024-05-10,ETF_A,96.6813,97.4562,96.1012,96.8750,110622,10716506.2500
2024-05-10,ETF_B,104.8470,105.6451,104.2179,105.0150,115622,12142044.3300
2024-05-10,ETF_C,97.9973,98.7037,97.4093,98.1150,120622,11834827.5300
2024-05-10,ETF_D,115.5625,116.3489,114.8691,115.6550,125622,14528812.4100
2024-05-13,ETF_A,96.8759,97.6524,96.2946,97.0700,110735,10749046.4500
2024-05-13,ETF_B,105.1016,105.9016,104.4710,105.2700,115735,12183423.4500
2024-05-13,ETF_C,98.1521,98.8596,97.5632,98.2700,120735,11864628.4500
2024-05-13,ETF_D,115.8772,116.6658,115.1820,115.9700,125735,14581487.9500
2024-05-14,ETF_A,97.0705,97.8486,96.4880,97.2650,110848,10781630.7200
2024-05-14,ETF_B,105.3562,106.1581,104.7240,105.5250,115848,12224860.2000
2024-05-14,ETF_C,98.3069,99.0156,97.7170,98.4250,120848,11894464.4000
2024-05-14,ETF_D,116.1920,116.9827,115.4948,116.2850,125848,14634234.6800
2024-05-15,ETF_A,97.2651,98.0448,96.6815,97.4600,110961,10814259.0600
2024-05-15,ETF_B,105.6108,106.4147,104.9771,105.7800,115961,12266354.5800
2024-05-15,ETF_C,98.4617,99.1715,97.8709,98.5800,120961,11924335.3800
2024-05-15,ETF_D,116.5067,117.2996,115.8077,116.6000,125961,14687052.6000
2024-05-16,ETF_A,97.4597,98.2409,96.8749,97.6550,111074,10846931.4700
2024-05-16,ETF_B,105.8653,106.6712,105.2302,106.0350,116074,12307906.5900
2024-05-16,ETF_C,98.6165,99.3274,98.0248,98.7350,121074,11954241.3900
2024-05-16,ETF_D,116.8215,117.6165,116.1205,116.9150,126074,14739941.7100
2024-05-17,ETF_A,97.6543,98.4371,97.0684,97.8500,111187,10879647.9500
2024-05-17,ETF_B,106.1199,106.9277,105.4832,106.2900,116187,12349516.2300
2024-05-17,ETF_C,98.7713,99.4833,98.1787,98.8900,121187,11984182.4300
2024-05-17,ETF_D,117.1362,117.9334,116.4334,117.2300,126187,14792902.0100
2024-05-20,ETF_A,97.8489,98.6333,97.2618,98.0450,111300,10912408.5000
2024-05-20,ETF_B,106.3745,107.1843,105.7363,106.5450,116300,12391183.5000
2024-05-20,ETF_C,98.9261,99.6393,98.3326,99.0450,121300,12014158.5000
2024-05-20,ETF_D,117.4510,118.2503,116.7463,117.5450,126300,14845933.5000
2024-05-21,ETF_A,98.0435,98.8294,97.4553,98.2400,111413,10945213.1200
2024-05-21,ETF_B,106.6291,107.4408,105.9893,106.8000,116413,12432908.4000
2024-05-21,ETF_C,99.0810,99.7952,98.4865,99.2000,121413,12044169.6000
2024-05-21,ETF_D,117.7657,118.5672,117.0591,117.8600,126413,14899036.1800
2024-05-22,ETF_A,98.2381,99.0256,97.6487,98.4350,111526,10978061.8100
2024-05-22,ETF_B,106.8837,107.6973,106.2424,107.0550,116526,12474690.9300
2024-05-22,ETF_C,99.2358,99.9511,98.6404,99.3550,121526,12074215.7300
2024-05-22,ETF_D,118.0805,118.8841,117.3720,118.1750,126526,14952210.0500
2024-05-23,ETF_A,98.4327,99.2218,97.8421,98.6300,111639,11010954.5700
2024-05-23,ETF_B,107.1383,107.9539,106.4955,107.3100,116639,12516531.0900
2024-05-23,ETF_C,99.3906,100.1071,98.7942,99.5100,121639,12104296.8900
2024-05-23,ETF_D,118.3952,119.2009,117.6848,118.4900,126639,15005455.1100
2024-05-24,ETF_A,98.4327,99.2218,97.8421,98.6300,111752,11022099.7600
2024-05-24,ETF_B,107.1982,108.0142,106.5550,107.3700,116752,12535662.2400
2024-05-24,ETF_C,99.3506,100.0668,98.7545,99.4700,121752,12110671.4400
2024-05-24,ETF_D,118.5151,119.3217,117.8040,118.6100,126752,15034054.7200
2024-05-27,ETF_A,98.6274,99.4180,98.0356,98.8250,111865,11055058.6250
2024-05-27,ETF_B,107.4528,108.2708,106.8081,107.6250,116865,12577595.6250
2024-05-27,ETF_C,99.5054,100.2228,98.9084,99.6250,121865,12140800.6250
2024-05-27,ETF_D,118.8299,119.6385,118.1169,118.9250,126865,15087420.1250
2024-05-28,ETF_A,98.8220,99.6141,98.2290,99.0200,111978,11088061.5600
2024-05-28,ETF_B,107.7074,108.5273,107.0611,107.8800,116978,12619586.6400
2024-05-28,ETF_C,99.6603,100.3787,99.0623,99.7800,121978,12170964.8400
2024-05-28,ETF_D,119.1446,119.9554,118.4297,119.2400,126978,15140856.7200
2024-05-29,ETF_A,99.0166,99.8103,98.4225,99.2150,112091,11121108.5650
2024-05-29,ETF_B,107.9620,108.7838,107.3142,108.1350,117091,12661635.2850
2024-05-29,ETF_C,99.8151,100.5346,99.2162,99.9350,122091,12201164.0850
2024-05-29,ETF_D,119.4594,120.2723,118.7426,119.5550,127091,15194364.5050
2024-05-30,ETF_A,99.2112,100.0065,98.6159,99.4100,112204,11154199.6400
2024-05-30,ETF_B,108.2166,109.0403,107.5673,108.3900,117204,12703741.5600
2024-05-30,ETF_C,99.9699,100.6905,99.3701,100.0900,122204,12231398.3600
2024-05-30,ETF_D,119.7741,120.5892,119.0555,119.8700,127204,15247943.4800
2024-05-31,ETF_A,99.4058,100.2026,98.8094,99.6050,112317,11187334.7850
2024-05-31,ETF_B,108.4712,109.2969,107.8203,108.6450,117317,12745905.4650
2024-05-31,ETF_C,100.1247,100.8465,99.5240,100.2450,122317,12261667.6650
2024-05-31,ETF_D,120.0889,120.9061,119.3683,120.1850,127317,15301593.6450
2024-06-03,ETF_A,99.6004,100.3988,99.0028,99.8000,112430,11220514.0000
2024-06-03,ETF_B,108.7258,109.5534,108.0734,108.9000,117430,12788127.0000
2024-06-03,ETF_C,100.2795,101.0024,99.6778,100.4000,122430,12291972.0000
2024-06-03,ETF_D,120.4036,121.2230,119.6812,120.5000,127430,15355315.0000
2024-06-04,ETF_A,99.7950,100.5950,99.1962,99.9950,112543,11253737.2850
2024-06-04,ETF_B,108.9804,109.8099,108.3265,109.1550,117543,12830406.1650
2024-06-04,ETF_C,100.4343,101.1583,99.8317,100.5550,122543,12322311.3650
2024-06-04,ETF_D,120.7183,121.5399,119.9940,120.8150,127543,15409107.5450
2024-06-05,ETF_A,99.9896,100.7911,99.3897,100.1900,112656,11287004.6400
2024-06-05,ETF_B,109.2349,110.0665,108.5795,109.4100,117656,12872742.9600
2024-06-05,ETF_C,100.5891,101.3143,99.9856,100.7100,122656,12352685.7600
2024-06-05,ETF_D,121.0331,121.8568,120.3069,121.1300,127656,15462971.2800
2024-06-06,ETF_A,100.1842,100.9873,99.5831,100.3850,112769,11320316.0650
2024-06-06,ETF_B,109.4895,110.3230,108.8326,109.6650,117769,12915137.3850
2024-06-06,ETF_C,100.7440,101.4702,100.1395,100.8650,122769,12383095.1850
2024-06-06,ETF_D,121.3478,122.1737,120.6198,121.4450,127769,15516906.2050
2024-06-07,ETF_A,100.3788,101.1835,99.7766,100.5800,112882,11353671.5600
2024-06-07,ETF_B,109.7441,110.5795,109.0857,109.9200,117882,12957589.4400
2024-06-07,ETF_C,100.8988,101.6261,100.2934,101.0200,122882,12413539.6400
2024-06-07,ETF_D,121.6626,122.4906,120.9326,121.7600,127882,15570912.3200
2024-06-10,ETF_A,100.5735,101.3797,99.9700,100.7750,112995,11387071.1250
2024-06-10,ETF_B,109.9987,110.8361,109.3387,110.1750,117995,13000099.1250
2024-06-10,ETF_C,101.0536,101.7820,100.4473,101.1750,122995,12444019.1250
2024-06-10,ETF_D,121.9773,122.8075,121.2455,122.0750,127995,15624989.6250
2024-06-11,ETF_A,100.7681,101.5758,100.1635,100.9700,113108,11420514.7600
2024-06-11,ETF_B,110.2533,111.0926,109.5918,110.4300,118108,13042666.4400
2024-06-11,ETF_C,101.2084,101.9380,100.6012,101.3300,123108,12474533.6400
2024-06-11,ETF_D,122.2921,123.1243,121.5583,122.3900,128108,15679138.1200
2024-06-12,ETF_A,100.7681,101.5758,100.1635,100.9700,113221,11431924.3700
2024-06-12,ETF_B,110.3132,111.1529,109.6513,110.4900,118221,13062238.2900
2024-06-12,ETF_C,101.1685,101.8977,100.5614,101.2900,123221,12481055.0900
2024-06-12,ETF_D,122.4120,123.2451,121.6775,122.5100,128221,15708354.7100
2024-06-13,ETF_A,100.9627,101.7720,100.3569,101.1650,113334,11465434.1100
2024-06-13,ETF_B,110.5678,111.4095,109.9044,110.7450,118334,13104898.8300
2024-06-13,ETF_C,101.3233,102.0537,100.7153,101.4450,123334,12511617.6300
2024-06-13,ETF_D,122.7267,123.5620,121.9904,122.8250,128334,15762623.5500
2024-06-14,ETF_A,101.1573,101.9682,100.5503,101.3600,113447,11498987.9200
2024-06-14,ETF_B,110.8224,111.6660,110.1575,111.0000,118447,13147617.0000
2024-06-14,ETF_C,101.4781,102.2096,100.8692,101.6000,123447,12542215.2000
2024-06-14,ETF_D,123.0415,123.8788,122.3032,123.1400,128447,15816963.5800
2024-06-17,ETF_A,101.3519,102.1643,100.7438,101.5550,113560,11532585.8000
2024-06-17,ETF_B,111.0770,111.9225,110.4105,111.2550,118560,13190392.8000
2024-06-17,ETF_C,101.6329,102.3655,101.0231,101.7550,123560,12572847.8000
2024-06-17,ETF_D,123.3562,124.1957,122.6161,123.4550,128560,15871374.8000
2024-06-18,ETF_A,101.5465,102.3605,100.9372,101.7500,113673,11566227.7500
2024-06-18,ETF_B,111.3316,112.1791,110.6636,111.5100,118673,13233226.2300
2024-06-18,ETF_C,101.7877,102.5215,101.1770,101.9100,123673,12603515.4300
2024-06-18,ETF_D,123.6710,124.5126,122.9290,123.7700,128673,15925857.2100
2024-06-19,ETF_A,101.7411,102.5567,101.1307,101.9450,113786,11599913.7700
2024-06-19,ETF_B,111.5862,112.4356,110.9167,111.7650,118786,13276117.2900
2024-06-19,ETF_C,101.9425,102.6774,101.3309,102.0650,123786,12634218.0900
2024-06-19,ETF_D,123.9857,124.8295,123.2418,124.0850,128786,15980410.8100
2024-06-20,ETF_A,101.9357,102.7528,101.3241,102.1400,113899,11633643.8600
2024-06-20,ETF_B,111.8408,112.6921,111.1697,112.0200,118899,13319065.9800
2024-06-20,ETF_C,102.0973,102.8333,101.4848,102.2200,123899,12664955.7800
2024-06-20,ETF_D,124.3005,125.1464,123.5547,124.4000,128899,16035035.6000
2024-06-21,ETF_A,102.1303,102.9490,101.5175,102.3350,114012,11667418.0200
2024-06-21,ETF_B,112.0954,112.9486,111.4228,112.2750,119012,13362072.3000
2024-06-21,ETF_C,102.2522,102.9892,101.6386,102.3750,124012,12695728.5000
2024-06-21,ETF_D,124.6152,125.4633,123.8675,124.7150,129012,16089731.5800
2024-06-24,ETF_A,102.3249,103.1452,101.7110,102.5300,114125,11701236.2500
2024-06-24,ETF_B,112.3500,113.2052,111.6759,112.5300,119125,13405136.2500
2024-06-24,ETF_C,102.4070,103.1452,101.7925,102.5300,124125,12726536.2500
2024-06-24,ETF_D,124.9300,125.7802,124.1804,125.0300,129125,16144498.7500
2024-06-25,ETF_A,102.5196,103.3414,101.9044,102.7250,114238,11735098.5500
2024-06-25,ETF_B,112.6045,113.4617,111.9289,112.7850,119238,13448257.8300
2024-06-25,ETF_C,102.5618,103.3011,101.9464,102.6850,124238,12757379.0300
2024-06-25,ETF_D,125.2447,126.0971,124.4933,125.3450,129238,16199337.1100
2024-06-26,ETF_A,102.7142,103.5375,102.0979,102.9200,114351,11769004.9200
2024-06-26,ETF_B,112.8591,113.7182,112.1820,113.0400,119351,13491437.0400
2024-06-26,ETF_C,102.7166,103.4570,102.1003,102.8400,124351,12788256.8400
2024-06-26,ETF_D,125.5595,126.4140,124.8061,125.6600,129351,16254246.6600
2024-06-27,ETF_A,102.9088,103.7337,102.2913,103.1150,114464,11802955.3600
2024-06-27,ETF_B,113.1137,113.9748,112.4350,113.2950,119464,13534673.8800
2024-06-27,ETF_C,102.8714,103.6130,102.2542,102.9950,124464,12819169.6800
2024-06-27,ETF_D,125.8742,126.7309,125.1190,125.9750,129464,16309227.4000
2024-06-28,ETF_A,103.1034,103.9299,102.4848,103.3100,114577,11836949.8700
2024-06-28,ETF_B,113.3683,114.2313,112.6881,113.5500,119577,13577968.3500
2024-06-28,ETF_C,103.0262,103.7689,102.4081,103.1500,124577,12850117.5500
2024-06-28,ETF_D,126.1890,127.0477,125.4318,126.2900,129577,16364279.3300
